Date,Name
2018-11-29T07:54:53+00:00,aifedespaix
2018-12-01T15:33:25+00:00,supremeotmn
2019-01-13T16:56:29+00:00,kegabiole
2019-01-13T16:59:11+00:00,rebolaxx
2019-01-13T16:57:56+00:00,wiwi3001
2019-10-18T13:35:33+00:00,supremeotmn
2019-11-01T17:09:16+00:00,supremeotmn
2020-06-09T09:12:32+00:00,augulekitsune
2020-06-09T10:34:45+00:00,badezour
2020-06-09T12:24:34+00:00,cartier61
2020-06-09T10:34:45+00:00,dladeo
2020-06-09T10:36:18+00:00,emieff7r
2020-06-09T09:06:59+00:00,kledde
2020-06-09T10:36:18+00:00,maxidu34
2020-06-09T09:47:40+00:00,stepidou
2020-06-09T09:55:27+00:00,supremeotmn
2020-06-09T09:47:40+00:00,tatoyokai
2020-06-09T09:47:39+00:00,wapitidu93
2020-06-09T09:47:39+00:00,weizkoo
2020-06-09T09:47:03+00:00,yokovitch
2020-06-09T09:47:39+00:00,zebilamouchedu93
2020-06-13T08:29:07+00:00,misterpdouze
2020-06-17T16:44:23+00:00,cuivro
2020-07-16T22:39:19+00:00,supremeotmn
2020-07-16T20:56:19+00:00,tanguyrenault
2020-07-16T21:21:34+00:00,yokovitch
2020-07-17T15:56:37+00:00,onclebenn
2020-07-18T19:43:59+00:00,ender_gamer012
2020-07-18T19:18:11+00:00,princesse_r
2020-07-20T21:12:39+00:00,cuivro
2020-07-20T20:35:24+00:00,davgen3
2020-07-20T21:10:25+00:00,maxime_du_grenet
2020-07-22T19:15:32+00:00,akralan__
2020-07-22T22:41:28+00:00,calcuminecraft
2020-07-22T19:33:48+00:00,fbernard001
2020-07-22T20:43:00+00:00,nkpllizz
2020-07-22T19:50:33+00:00,noushet
2020-07-22T23:31:02+00:00,risoxxeuuh
2020-07-22T21:54:54+00:00,wiwi3001
2020-07-22T19:34:04+00:00,zelkys
2020-07-23T19:33:49+00:00,exelo_
2020-07-23T19:13:47+00:00,game_geek97
2020-07-23T19:00:51+00:00,sushi_air
2020-07-24T22:06:39+00:00,animeous
2020-07-24T20:00:56+00:00,auro_maito
2020-07-24T23:06:41+00:00,kegabiole
2020-07-25T18:59:21+00:00,camilleldp
2020-07-25T20:19:47+00:00,nathan92500
2020-07-25T00:01:52+00:00,pandou_yt
2020-07-25T20:05:51+00:00,pilou8000
2020-07-25T20:26:09+00:00,rebolaxx
2020-07-26T11:56:52+00:00,cynno
2020-07-26T14:06:51+00:00,darksens666
2020-07-26T15:57:34+00:00,falconbryze
2020-07-26T16:54:53+00:00,kledde
2020-07-26T19:12:37+00:00,legameurxyt
2020-07-26T19:09:04+00:00,link_loup
2020-07-26T19:15:20+00:00,milouandluckylf
2020-07-26T14:06:21+00:00,rebecc242
2020-07-26T19:09:04+00:00,robin_lintello
2020-07-26T19:09:04+00:00,scaro_gaming
2020-07-26T20:23:05+00:00,sky_f4llz
2020-07-26T19:09:04+00:00,unepommejaune
2020-07-26T19:09:04+00:00,vaati_z_la_renarde
2020-07-26T16:16:51+00:00,xzefir_
2020-07-27T23:06:31+00:00,frelon122
2020-07-27T23:10:07+00:00,kinou_m
2020-07-27T09:17:36+00:00,krazy_kami
2020-07-27T23:00:12+00:00,lamso
2020-07-27T23:07:49+00:00,rekt_by_copper
2020-07-27T23:24:04+00:00,tornadedefeu123
2020-07-28T22:31:25+00:00,dqd0u
2020-07-28T22:20:19+00:00,elhenya_
2020-07-29T20:03:23+00:00,1_peppa_in_vibes_1
2020-07-29T19:07:46+00:00,gaultier115
2020-07-29T19:00:20+00:00,lenny2k2
2020-07-29T19:02:04+00:00,lexelis
2020-07-29T19:00:21+00:00,mariusto
2020-07-29T19:07:46+00:00,mera2632057
2020-07-29T19:07:46+00:00,merlinlilas
2020-07-29T19:07:46+00:00,nomdejaprie
2020-07-29T20:17:21+00:00,nutingle
2020-07-29T19:07:46+00:00,pyran0x_
2020-07-29T18:58:27+00:00,rayster91
2020-07-29T19:00:20+00:00,toonteam34
2020-07-30T23:08:45+00:00,armand_7
2020-07-30T23:08:44+00:00,bartorexio
2020-07-30T23:15:38+00:00,fandeqt
2020-07-30T23:08:45+00:00,flechegame
2020-07-30T23:11:17+00:00,jch49340
2020-07-30T23:11:17+00:00,light_of_smash
2020-07-30T23:11:17+00:00,linkora
2020-07-30T23:11:17+00:00,loulou22940
2020-07-30T23:08:45+00:00,meganoval
2020-07-30T23:08:45+00:00,norad74
2020-07-30T23:11:17+00:00,paaaraadox
2020-07-30T23:03:01+00:00,samdhyrule
2020-07-30T23:27:55+00:00,turtlejackswing
2020-07-31T19:48:57+00:00,albosemp4
2020-07-31T19:48:57+00:00,killeur_eliobert
2020-08-01T14:16:47+00:00,binksss1337
2020-08-01T21:19:16+00:00,pierretho
2020-08-01T20:16:00+00:00,wwiwwwwi
2020-08-03T20:08:06+00:00,toxakio
2020-08-04T21:34:15+00:00,augulekitsune
2020-08-04T21:04:06+00:00,whitedanger
2020-08-06T20:37:57+00:00,alxios
2020-08-06T20:37:56+00:00,dikay__
2020-08-06T20:37:57+00:00,drbale
2020-08-06T20:37:57+00:00,eliotclavierlol
2020-08-06T20:37:57+00:00,eyoda974
2020-08-06T20:37:56+00:00,jahvibes
2020-08-06T20:37:57+00:00,jeremieleplusjoli
2020-08-06T20:37:56+00:00,jojocd
2020-08-06T20:37:56+00:00,le_loup_bleu_wolfy
2020-08-06T20:37:56+00:00,le_tueurdu44
2020-08-06T20:37:56+00:00,lynkleglichterdu48
2020-08-06T20:37:57+00:00,maxano300
2020-08-06T20:37:57+00:00,thexp
2020-08-06T20:37:56+00:00,tnlink_
2020-08-06T20:37:56+00:00,ultimequentin
2020-08-07T19:16:50+00:00,mee6_93
2020-08-07T19:28:45+00:00,re__my
2020-08-07T19:25:32+00:00,thivgaming360
2020-08-08T00:30:21+00:00,supranette
2020-08-09T12:25:45+00:00,atomiccube9
2020-08-09T12:25:45+00:00,celestial_dfgeek17
2020-08-09T13:18:01+00:00,fristorm
2020-08-09T12:25:45+00:00,lucoulouz
2020-08-09T12:25:45+00:00,sonixlightning
2020-08-09T12:24:56+00:00,supremeotmn
2020-08-09T12:25:45+00:00,tim_l_obscur
2020-08-09T17:58:09+00:00,trappy08
2020-08-09T13:03:22+00:00,wytem
2020-08-10T18:03:33+00:00,yokovitch
2020-08-11T20:45:11+00:00,yezz_38
2020-08-12T18:05:27+00:00,manonvlm
2020-08-12T19:00:25+00:00,xhelyios
2020-08-14T18:29:35+00:00,br7777777
2020-08-14T18:48:44+00:00,kevlan2a
2020-08-14T20:41:42+00:00,lereenard
2020-08-15T01:30:57+00:00,urban_225
2020-08-16T12:06:52+00:00,skyfird77
2020-08-17T18:19:06+00:00,etoxykea
2020-08-17T01:15:25+00:00,julgane
2020-08-17T13:25:41+00:00,lapinou237
2020-08-19T19:19:21+00:00,thebestmouche
2020-08-20T21:11:19+00:00,davgen3
2020-08-20T20:52:13+00:00,mama_o5
2020-08-21T18:02:07+00:00,ant_wan_
2020-08-21T07:01:22+00:00,demofoux
2020-08-21T00:18:36+00:00,pyoodes
2020-08-22T19:26:40+00:00,zeldatriforce
2020-08-23T22:09:52+00:00,exelo_
2020-08-23T19:09:56+00:00,orantyle74
2020-08-23T12:24:38+00:00,wiwi3001
2020-08-24T20:32:47+00:00,kurostalink
2020-08-25T22:07:25+00:00,kegabiole
2020-08-25T20:34:18+00:00,xsp4rtanx
2020-08-27T19:48:32+00:00,game_geek97
2020-08-27T19:33:52+00:00,risoxxeuuh
2020-08-28T22:14:39+00:00,cuivro
2020-08-31T00:43:11+00:00,kiorah30
2020-08-31T16:49:43+00:00,misterpdouze
2020-08-31T00:42:57+00:00,sanzeau
2020-08-31T21:54:28+00:00,stan22223
2020-09-01T16:01:46+00:00,darksens666
2020-09-01T16:56:42+00:00,lophim
2020-09-01T19:07:24+00:00,nkpllizz
2020-09-01T18:41:38+00:00,rebecc242
2020-09-02T18:06:06+00:00,alb0se
2020-09-02T16:05:12+00:00,amiral_1
2020-09-02T16:57:03+00:00,augulekitsune
2020-09-02T16:05:12+00:00,edorior
2020-09-02T16:05:12+00:00,nanoue
2020-09-02T16:05:12+00:00,pocki_07
2020-09-02T16:05:12+00:00,swysixx
2020-09-03T18:28:45+00:00,fandeqt
2020-09-03T20:22:23+00:00,leg2449
2020-09-03T16:59:39+00:00,sky_f4llz
2020-09-03T19:56:31+00:00,turtlejackswing
2020-09-06T18:27:53+00:00,billouttre
2020-09-06T18:35:57+00:00,miniretin
2020-09-06T09:54:59+00:00,nathoux93
2020-09-06T18:35:57+00:00,pec_du_25
2020-09-07T16:53:39+00:00,alxios
2020-09-07T16:09:52+00:00,anais_rb
2020-09-07T16:01:45+00:00,ozakarr
2020-09-09T16:32:22+00:00,celestial_dfgeek17
2020-09-09T16:09:14+00:00,mee6_93
2020-09-09T20:50:40+00:00,trappy08
2020-09-13T18:37:07+00:00,trappy08
2020-09-14T17:13:25+00:00,athalyan
2020-09-14T18:41:01+00:00,the_justiciary
2020-09-14T16:04:37+00:00,woodenmonkeyshow
2020-09-14T20:06:09+00:00,yezz_38
2020-09-16T17:56:41+00:00,onclebenn
2020-09-17T21:39:06+00:00,cactt4ck
2020-09-17T16:17:44+00:00,papy_grant
2020-09-17T18:02:37+00:00,sewepka_
2020-09-18T16:04:44+00:00,kledde
2020-09-20T15:39:27+00:00,minicacou
2020-09-20T13:34:41+00:00,skyfird77
2020-09-21T20:06:08+00:00,oohhmygoat
2020-09-23T19:15:38+00:00,misterpdouze
2020-09-23T17:45:35+00:00,wiwi3001
2020-09-24T16:58:54+00:00,davgen3
2020-09-24T16:03:58+00:00,exelo_
2020-09-24T19:43:24+00:00,rubin4t0r
2020-09-25T20:59:49+00:00,kurostalink
2020-09-27T16:09:34+00:00,kegabiole
2020-09-27T18:45:55+00:00,zeldatriforce
2020-09-28T16:57:00+00:00,alexdu841
2020-09-28T19:04:38+00:00,game_geek97
2020-09-28T19:26:55+00:00,hugoo84570
2020-09-29T16:40:25+00:00,wingtonfire
2020-10-01T16:34:38+00:00,alicia68
2020-10-01T16:34:38+00:00,amateseru
2020-10-01T16:11:41+00:00,cuivro
2020-10-01T16:34:38+00:00,goltod
2020-10-01T16:34:38+00:00,kyliandu11600
2020-10-01T16:04:16+00:00,lepqpk
2020-10-01T16:34:38+00:00,polo_guidolda
2020-10-01T19:10:16+00:00,rebecc242
2020-10-01T16:17:10+00:00,sauceaveclesfriteschef
2020-10-04T18:30:42+00:00,pacouche
2020-10-05T17:41:01+00:00,kevappolon
2020-10-05T16:26:54+00:00,sky_f4llz
2020-10-06T17:54:44+00:00,azhord
2020-10-07T16:09:51+00:00,agf14
2020-10-07T16:07:44+00:00,alb0se
2020-10-07T16:12:30+00:00,churumusco
2020-10-07T16:12:31+00:00,este041
2020-10-07T22:29:22+00:00,gueritmusic
2020-10-07T16:09:51+00:00,ju_stine_ju
2020-10-07T16:09:51+00:00,kepler63
2020-10-07T16:12:31+00:00,leferre
2020-10-07T16:12:31+00:00,lexelis
2020-10-07T16:09:51+00:00,linkiflow
2020-10-07T16:12:31+00:00,moritooooo
2020-10-07T16:07:41+00:00,ozakarr
2020-10-07T16:11:25+00:00,samous20
2020-10-07T16:09:51+00:00,tricocotte
2020-10-07T16:10:38+00:00,yokovitch
2020-10-09T17:01:42+00:00,celestial_dfgeek
2020-10-10T22:28:17+00:00,scary_mama22
2020-10-11T18:14:35+00:00,saksam_
2020-10-11T15:52:37+00:00,trappy08
2020-10-12T16:04:15+00:00,mee6_93
2020-10-12T15:54:29+00:00,nathoux93
2020-10-12T16:26:35+00:00,zelkys
2020-10-14T20:25:58+00:00,athalyan
2020-10-14T20:26:32+00:00,lophim
2020-10-16T16:07:38+00:00,yezz_38
2020-10-18T20:06:32+00:00,cactt4ck
2020-10-19T18:37:23+00:00,caztafolt
2020-10-19T16:55:14+00:00,ikariossan
2020-10-21T16:01:27+00:00,oohhmygoat
2020-10-26T18:15:53+00:00,exelo_
2020-10-26T22:10:37+00:00,hypnodeas
2020-10-27T18:16:59+00:00,kegabiole
2020-10-28T18:10:56+00:00,alexdu841
2020-10-28T17:26:57+00:00,alxios
2020-10-28T17:08:19+00:00,davgen3
2020-10-28T17:28:20+00:00,holythom
2020-10-28T17:24:33+00:00,unikornichon
2020-10-28T17:24:04+00:00,xxxaetherxx
2020-10-29T19:42:17+00:00,batbergeon
2020-10-29T17:51:32+00:00,game_geek97
2020-10-29T19:42:17+00:00,illusion_3107
2020-10-29T19:42:18+00:00,k_chou
2020-10-29T18:28:22+00:00,ls_gollum56
2020-10-29T23:26:09+00:00,minicacou
2020-10-29T19:42:18+00:00,thivgaming360
2020-10-29T19:42:18+00:00,yasamato
2020-10-30T18:05:24+00:00,misterpdouze
2020-11-01T17:27:17+00:00,zeldatriforce
2020-11-02T19:32:59+00:00,cuivro
2020-11-03T19:10:52+00:00,cathbar
2020-11-05T19:00:57+00:00,lophim
2020-11-05T18:42:26+00:00,papy_grant
2020-11-05T17:48:07+00:00,skyfird77
2020-11-06T17:05:57+00:00,pacouche
2020-11-08T17:22:26+00:00,kwani_leboss
2020-11-08T18:10:56+00:00,pirefdpeu
2020-11-08T17:36:05+00:00,tlenzo
2020-11-08T20:56:49+00:00,unepersonneinconnuedetous
2020-11-09T20:35:58+00:00,celestial_dfgeek
2020-11-09T17:42:55+00:00,ozakarr
2020-11-09T18:08:39+00:00,slipman333
2020-11-10T18:02:01+00:00,rubin4t0r
2020-11-10T22:17:52+00:00,trappy08
2020-11-11T15:01:12+00:00,alb0se
2020-11-11T15:01:12+00:00,flolepitch
2020-11-11T15:01:12+00:00,horizon_hyr
2020-11-11T15:01:13+00:00,nutingle
2020-11-11T15:01:12+00:00,zarwaldo
2020-11-12T18:06:44+00:00,artefac25ld
2020-11-12T18:06:44+00:00,billibambessou
2020-11-12T18:08:48+00:00,cacs313
2020-11-12T18:06:44+00:00,eraxiis_
2020-11-12T18:06:45+00:00,fireball904
2020-11-12T18:06:44+00:00,kana_mojo
2020-11-12T18:06:44+00:00,kevappolon
2020-11-12T18:06:44+00:00,lesaucissoncuit
2020-11-12T18:06:44+00:00,nathcmbr
2020-11-12T18:06:44+00:00,warjlok20
2020-11-12T18:06:44+00:00,zeldarya
2020-11-12T18:09:45+00:00,zoulia3
2020-11-13T17:08:17+00:00,azhord
2020-11-13T17:08:17+00:00,calgeo
2020-11-13T17:08:17+00:00,kenjiitv
2020-11-13T17:08:17+00:00,latioss_77
2020-11-13T17:08:17+00:00,linkced
2020-11-13T17:08:17+00:00,misterkikou02
2020-11-13T17:08:17+00:00,zakaoai
2020-11-16T20:13:40+00:00,lapinou237
2020-11-16T20:51:12+00:00,paulinette_1
2020-11-17T17:10:42+00:00,athalyia
2020-11-17T21:51:02+00:00,yezz_38
2020-11-18T14:13:32+00:00,celestial_dfgeek
2020-11-18T14:17:06+00:00,ghostvampire_
2020-11-18T14:14:22+00:00,saksam_
2020-11-19T22:21:57+00:00,amnesia34080
2020-11-19T20:09:12+00:00,ninoutchiwa
2020-11-19T22:21:57+00:00,smolder361
2020-11-20T18:37:52+00:00,secret_delta88
2020-11-21T14:12:38+00:00,oohhmygoat
2020-11-22T20:33:39+00:00,cactt4ck
2020-11-22T20:28:25+00:00,pec_du_25
2020-11-22T17:04:26+00:00,poulpi_le_poulpe_
2020-11-22T22:45:03+00:00,wiwi3001
2020-11-23T01:21:10+00:00,silvermacroniste
2020-11-24T20:46:24+00:00,basse_naruto
2020-11-24T20:46:24+00:00,brenda_brown
2020-11-24T21:24:21+00:00,majannakah
2020-11-24T20:46:24+00:00,t_maliik
2020-11-25T17:21:35+00:00,ulristo
2020-11-26T18:33:55+00:00,exelo_
2020-11-26T22:36:53+00:00,sniphon
2020-11-28T18:25:31+00:00,alexdu841
2020-11-28T17:54:32+00:00,holythom
2020-11-29T16:54:37+00:00,kegabiole
2020-11-29T18:06:13+00:00,ls_gollum56
2020-11-29T17:38:04+00:00,vidjip
2020-11-30T17:05:35+00:00,davgen3
2020-11-30T19:22:27+00:00,jackar67
2020-11-30T19:22:27+00:00,julgane
2020-11-30T19:22:27+00:00,mr_nanome
2020-11-30T19:22:27+00:00,vinceshady93
2020-11-30T19:22:27+00:00,yanis2
2020-12-01T18:44:45+00:00,yasamato
2020-12-01T18:09:55+00:00,zeldatriforce
2020-12-02T15:58:33+00:00,game_geek97
2020-12-02T18:01:38+00:00,sky_f4llz
2020-12-03T19:58:54+00:00,cathbar
2020-12-03T17:06:27+00:00,lophim
2020-12-04T17:07:37+00:00,alxios
2020-12-06T17:21:46+00:00,ertinox171
2020-12-06T18:24:27+00:00,largo139
2020-12-06T23:17:17+00:00,prwkz
2020-12-07T19:56:59+00:00,anth132a
2020-12-07T19:00:40+00:00,imnotaboyoy
2020-12-07T17:07:09+00:00,misterpdouze
2020-12-07T17:07:41+00:00,ozakarr
2020-12-07T19:57:09+00:00,ronano_
2020-12-07T19:57:10+00:00,voyager_ncc
2020-12-08T23:35:38+00:00,darkpit59
2020-12-08T20:43:17+00:00,franckytown
2020-12-08T20:18:12+00:00,gyth7a
2020-12-08T20:38:28+00:00,keito_gravity
2020-12-08T18:58:06+00:00,lepex171
2020-12-08T20:43:17+00:00,linknoir971
2020-12-08T20:43:16+00:00,ls_noeboulleaud
2020-12-08T17:30:11+00:00,orantyle74
2020-12-08T20:27:00+00:00,pacouche
2020-12-08T20:43:17+00:00,ryuukane
2020-12-08T20:43:17+00:00,theodu713
2020-12-09T14:33:44+00:00,auriaemp
2020-12-09T14:22:39+00:00,celestial_dfgeek
2020-12-09T14:24:17+00:00,ciliagrq
2020-12-09T14:33:44+00:00,cireme24
2020-12-09T16:15:18+00:00,cuivro
2020-12-09T14:33:44+00:00,moritooooo
2020-12-09T14:33:44+00:00,nathman23
2020-12-09T13:09:46+00:00,ozakarr
2020-12-09T13:22:33+00:00,samuelmoinard123
2020-12-09T14:33:44+00:00,tonydraw_yt
2020-12-10T17:33:40+00:00,juju_raphdel
